minute,freshness_p50_s,freshness_p95_s,target_p95_s,breach
2026-10-07 01:43:00+00,0.488,1.345,5,f
2026-10-07 01:49:00+00,1.866,3.621,5,f
2026-10-07 01:50:00+00,1.876,3.223,5,f
2026-10-07 01:51:00+00,1.918,3.282,5,f
2026-10-07 01:52:00+00,1.435,2.432,5,f
2026-10-07 01:44:00+00,11.423,14.642,5,t
2026-10-07 01:53:00+00,1.633,2.59,5,f
2026-10-07 01:45:00+00,0.591,13.503,5,t
2026-10-07 01:54:00+00,1.764,2.974,5,f
2026-10-07 01:55:00+00,2.25,3.012,5,f
2026-10-07 01:46:00+00,0.473,1.072,5,f
2026-10-07 01:56:00+00,1.588,3,5,f
2026-10-07 01:57:00+00,1.79,2.462,5,f
2026-10-07 01:58:00+00,1.885,2.786,5,f
2026-10-07 01:59:00+00,1.971,2.918,5,f
2026-10-07 02:04:00+00,0.606,1.29,5,f
2026-10-07 01:41:00+00,0.784,0.784,5,f
2026-10-07 01:47:00+00,1.216,1.249,5,f
2026-10-07 01:42:00+00,0.501,1.097,5,f
2026-10-07 06:44:00+00,14961.53,14977.117,5,t
2026-10-07 06:45:00+00,0.678,1.427,5,f
2026-10-07 06:46:00+00,0.579,1.253,5,f
2026-10-07 06:47:00+00,0.556,1.064,5,f
2026-10-07 01:48:00+00,1.608,9.855,5,t
