id,job,started_at,finished_at,duration_ms,status,detail
1,sla_check,2026-10-07 01:41:14.000567+00,2026-10-07 01:41:14.00519+00,4,failed,HTTPError: HTTP Error 503: Service Unavailable
2,health_watch,2026-10-07 01:41:13.993275+00,2026-10-07 01:41:14.053487+00,60,failed,Failed: kafka_lag.
3,bi_rollup,2026-10-07 01:41:14.008243+00,2026-10-07 01:41:14.12119+00,112,ok,0 minutes written to bi_traffic_minute.
4,health_watch,2026-10-07 01:41:24.016759+00,2026-10-07 01:41:24.023997+00,7,failed,Failed: kafka_lag.
5,health_watch,2026-10-07 01:41:34.02807+00,2026-10-07 01:41:34.042086+00,14,failed,Failed: kafka_lag.
6,sla_check,2026-10-07 01:41:44.05332+00,2026-10-07 01:41:44.056655+00,3,failed,HTTPError: HTTP Error 503: Service Unavailable
7,health_watch,2026-10-07 01:41:44.040837+00,2026-10-07 01:41:44.06343+00,22,failed,Failed: kafka_lag.
8,health_watch,2026-10-07 01:41:54.065327+00,2026-10-07 01:41:54.072377+00,7,failed,Failed: kafka_lag.
9,health_watch,2026-10-07 01:42:04.075588+00,2026-10-07 01:42:04.082604+00,7,ok,All checks passed.
10,sla_check,2026-10-07 01:42:14.091778+00,2026-10-07 01:42:14.095249+00,3,failed,HTTPError: HTTP Error 503: Service Unavailable
11,health_watch,2026-10-07 01:42:14.08477+00,2026-10-07 01:42:14.107215+00,22,ok,All checks passed.
12,bi_rollup,2026-10-07 01:42:14.099417+00,2026-10-07 01:42:14.121362+00,21,ok,1 minutes written to bi_traffic_minute.
13,health_watch,2026-10-07 01:42:24.1098+00,2026-10-07 01:42:24.11645+00,6,ok,All checks passed.
14,health_watch,2026-10-07 01:42:34.119576+00,2026-10-07 01:42:34.135624+00,16,ok,All checks passed.
15,sla_check,2026-10-07 01:42:44.136553+00,2026-10-07 01:42:44.142617+00,6,failed,HTTPError: HTTP Error 503: Service Unavailable
16,health_watch,2026-10-07 01:42:44.129533+00,2026-10-07 01:42:44.149842+00,20,ok,All checks passed.
17,health_watch,2026-10-07 01:42:54.148557+00,2026-10-07 01:42:54.154841+00,6,ok,All checks passed.
18,health_watch,2026-10-07 01:43:04.156964+00,2026-10-07 01:43:04.167378+00,10,ok,All checks passed.
19,sla_check,2026-10-07 01:43:14.172928+00,2026-10-07 01:43:14.178223+00,5,failed,HTTPError: HTTP Error 503: Service Unavailable
20,health_watch,2026-10-07 01:43:14.165647+00,2026-10-07 01:43:14.187398+00,21,ok,All checks passed.
21,bi_rollup,2026-10-07 01:43:14.180682+00,2026-10-07 01:43:14.210212+00,29,ok,2 minutes written to bi_traffic_minute.
22,health_watch,2026-10-07 01:43:24.188806+00,2026-10-07 01:43:24.194306+00,5,ok,All checks passed.
23,health_watch,2026-10-07 01:43:34.200437+00,2026-10-07 01:43:34.207341+00,6,ok,All checks passed.
24,sla_check,2026-10-07 01:43:44.224058+00,2026-10-07 01:43:44.226743+00,2,failed,HTTPError: HTTP Error 503: Service Unavailable
25,health_watch,2026-10-07 01:43:44.211862+00,2026-10-07 01:43:44.236969+00,25,ok,All checks passed.
26,health_watch,2026-10-07 01:43:54.231697+00,2026-10-07 01:43:54.238439+00,6,ok,All checks passed.
27,health_watch,2026-10-07 01:44:04.247515+00,2026-10-07 01:44:04.254094+00,6,ok,All checks passed.
28,sla_check,2026-10-07 01:44:14.271757+00,2026-10-07 01:44:14.274601+00,2,failed,HTTPError: HTTP Error 503: Service Unavailable
29,health_watch,2026-10-07 01:44:14.25952+00,2026-10-07 01:44:14.296705+00,37,ok,All checks passed.
30,bi_rollup,2026-10-07 01:44:14.284112+00,2026-10-07 01:44:14.34605+00,61,ok,3 minutes written to bi_traffic_minute.
31,health_watch,2026-10-07 01:44:24.297121+00,2026-10-07 01:44:24.313011+00,15,ok,All checks passed.
32,health_watch,2026-10-07 01:44:34.309204+00,2026-10-07 01:44:34.613292+00,304,failed,Failed: kafka_lag.
33,sla_check,2026-10-07 01:44:44.33433+00,2026-10-07 01:44:44.336501+00,2,failed,HTTPError: HTTP Error 503: Service Unavailable
34,health_watch,2026-10-07 01:44:44.322546+00,2026-10-07 01:44:49.338602+00,5016,failed,Failed: kafka_lag.
35,health_watch,2026-10-07 01:44:54.343544+00,2026-10-07 01:44:54.448942+00,105,failed,Failed: kafka_lag.
36,health_watch,2026-10-07 01:45:04.355404+00,2026-10-07 01:45:04.368292+00,12,failed,Failed: kafka_lag.
37,sla_check,2026-10-07 01:45:14.377671+00,2026-10-07 01:45:14.379905+00,2,failed,HTTPError: HTTP Error 503: Service Unavailable
38,bi_rollup,2026-10-07 01:45:14.390381+00,2026-10-07 01:45:14.451914+00,61,ok,4 minutes written to bi_traffic_minute.
39,health_watch,2026-10-07 01:45:14.364885+00,2026-10-07 01:45:14.492228+00,127,ok,All checks passed.
40,health_watch,2026-10-07 01:45:24.40048+00,2026-10-07 01:45:24.406567+00,6,failed,Failed: kafka_lag.
41,health_watch,2026-10-07 01:45:34.408315+00,2026-10-07 01:45:34.415042+00,6,failed,Failed: kafka_lag.
42,sla_check,2026-10-07 01:45:44.43156+00,2026-10-07 01:45:44.433885+00,2,failed,HTTPError: HTTP Error 503: Service Unavailable
43,health_watch,2026-10-07 01:45:44.419058+00,2026-10-07 01:45:44.444604+00,25,failed,Failed: kafka_lag.
44,health_watch,2026-10-07 01:45:54.443188+00,2026-10-07 01:45:54.455899+00,12,failed,Failed: kafka_lag.
45,health_watch,2026-10-07 01:46:04.452491+00,2026-10-07 01:46:04.460475+00,7,ok,All checks passed.
46,sla_check,2026-10-07 01:46:14.473522+00,2026-10-07 01:46:14.476648+00,3,failed,HTTPError: HTTP Error 503: Service Unavailable
47,health_watch,2026-10-07 01:46:14.461061+00,2026-10-07 01:46:14.499068+00,38,ok,All checks passed.
48,bi_rollup,2026-10-07 01:46:14.486235+00,2026-10-07 01:46:14.579014+00,92,ok,5 minutes written to bi_traffic_minute.
49,health_watch,2026-10-07 01:46:24.49596+00,2026-10-07 01:46:24.554838+00,58,ok,All checks passed.
50,health_watch,2026-10-07 01:46:34.508184+00,2026-10-07 01:46:34.515318+00,7,ok,All checks passed.
76,health_watch,2026-10-07 01:49:24.833219+00,2026-10-07 01:49:24.847569+00,14,ok,All checks passed.
77,health_watch,2026-10-07 01:49:34.84374+00,2026-10-07 01:49:34.850436+00,6,ok,All checks passed.
51,sla_check,2026-10-07 01:46:44.535325+00,2026-10-07 01:46:44.53893+00,3,failed,HTTPError: HTTP Error 503: Service Unavailable
52,health_watch,2026-10-07 01:46:44.522242+00,2026-10-07 01:46:44.548975+00,26,ok,All checks passed.
53,health_watch,2026-10-07 01:46:54.55262+00,2026-10-07 01:46:54.667434+00,114,ok,All checks passed.
54,health_watch,2026-10-07 01:47:04.562419+00,2026-10-07 01:47:04.569156+00,6,ok,All checks passed.
55,sla_check,2026-10-07 01:47:14.585475+00,2026-10-07 01:47:14.587767+00,2,failed,HTTPError: HTTP Error 503: Service Unavailable
56,health_watch,2026-10-07 01:47:14.572791+00,2026-10-07 01:47:14.61805+00,45,ok,All checks passed.
57,bi_rollup,2026-10-07 01:47:14.598434+00,2026-10-07 01:47:14.709844+00,111,ok,6 minutes written to bi_traffic_minute.
58,health_watch,2026-10-07 01:47:24.612622+00,2026-10-07 01:47:24.62378+00,11,failed,Failed: kafka_lag.
59,health_watch,2026-10-07 01:47:34.627133+00,2026-10-07 01:47:34.636525+00,9,failed,Failed: kafka_lag.
60,sla_check,2026-10-07 01:47:44.649992+00,2026-10-07 01:47:44.655372+00,5,failed,HTTPError: HTTP Error 503: Service Unavailable
61,health_watch,2026-10-07 01:47:44.636883+00,2026-10-07 01:47:44.663493+00,26,ok,All checks passed.
62,health_watch,2026-10-07 01:47:54.661733+00,2026-10-07 01:47:54.677432+00,15,ok,All checks passed.
63,health_watch,2026-10-07 01:48:04.669928+00,2026-10-07 01:48:04.676666+00,6,ok,All checks passed.
64,sla_check,2026-10-07 01:48:14.693302+00,2026-10-07 01:48:14.695878+00,2,failed,HTTPError: HTTP Error 503: Service Unavailable
65,health_watch,2026-10-07 01:48:14.68071+00,2026-10-07 01:48:14.723822+00,43,ok,All checks passed.
66,bi_rollup,2026-10-07 01:48:14.7058+00,2026-10-07 01:48:14.819654+00,113,ok,7 minutes written to bi_traffic_minute.
67,health_watch,2026-10-07 01:48:24.721649+00,2026-10-07 01:48:24.733811+00,12,ok,All checks passed.
68,health_watch,2026-10-07 01:48:34.73495+00,2026-10-07 01:48:34.748355+00,13,ok,All checks passed.
69,sla_check,2026-10-07 01:48:44.760919+00,2026-10-07 01:48:44.766607+00,5,failed,HTTPError: HTTP Error 503: Service Unavailable
70,health_watch,2026-10-07 01:48:44.747831+00,2026-10-07 01:48:44.774241+00,26,ok,All checks passed.
71,health_watch,2026-10-07 01:48:54.775857+00,2026-10-07 01:48:54.841602+00,65,ok,All checks passed.
72,health_watch,2026-10-07 01:49:04.785886+00,2026-10-07 01:49:04.794281+00,8,ok,All checks passed.
73,sla_check,2026-10-07 01:49:14.80813+00,2026-10-07 01:49:14.814378+00,6,failed,HTTPError: HTTP Error 503: Service Unavailable
74,health_watch,2026-10-07 01:49:14.795424+00,2026-10-07 01:49:14.834389+00,38,ok,All checks passed.
75,bi_rollup,2026-10-07 01:49:14.821337+00,2026-10-07 01:49:14.957254+00,135,ok,8 minutes written to bi_traffic_minute.
78,sla_check,2026-10-07 01:49:44.871377+00,2026-10-07 01:49:44.874227+00,2,failed,HTTPError: HTTP Error 503: Service Unavailable
79,health_watch,2026-10-07 01:49:44.858516+00,2026-10-07 01:49:44.884112+00,25,ok,All checks passed.
80,health_watch,2026-10-07 01:49:54.881905+00,2026-10-07 01:49:54.888929+00,7,ok,All checks passed.
81,health_watch,2026-10-07 01:50:04.890903+00,2026-10-07 01:50:04.897229+00,6,ok,All checks passed.
82,sla_check,2026-10-07 01:50:14.913555+00,2026-10-07 01:50:14.916009+00,2,failed,HTTPError: HTTP Error 503: Service Unavailable
83,health_watch,2026-10-07 01:50:14.900647+00,2026-10-07 01:50:14.945567+00,44,ok,All checks passed.
84,bi_rollup,2026-10-07 01:50:14.925947+00,2026-10-07 01:50:15.071676+00,145,ok,9 minutes written to bi_traffic_minute.
85,health_watch,2026-10-07 01:50:24.936842+00,2026-10-07 01:50:24.943296+00,6,ok,All checks passed.
86,health_watch,2026-10-07 01:50:34.944518+00,2026-10-07 01:50:34.950565+00,6,ok,All checks passed.
87,sla_check,2026-10-07 01:50:44.969216+00,2026-10-07 01:50:44.971691+00,2,failed,HTTPError: HTTP Error 503: Service Unavailable
88,health_watch,2026-10-07 01:50:44.956734+00,2026-10-07 01:50:44.98229+00,25,ok,All checks passed.
89,health_watch,2026-10-07 01:50:54.982482+00,2026-10-07 01:50:54.994118+00,11,ok,All checks passed.
90,health_watch,2026-10-07 01:51:04.995345+00,2026-10-07 01:51:05.001648+00,6,ok,All checks passed.
91,sla_check,2026-10-07 01:51:15.020111+00,2026-10-07 01:51:15.024119+00,4,failed,HTTPError: HTTP Error 503: Service Unavailable
92,health_watch,2026-10-07 01:51:15.007159+00,2026-10-07 01:51:15.045956+00,38,ok,All checks passed.
93,bi_rollup,2026-10-07 01:51:15.032757+00,2026-10-07 01:51:15.19663+00,163,ok,10 minutes written to bi_traffic_minute.
94,health_watch,2026-10-07 01:51:25.042025+00,2026-10-07 01:51:25.050136+00,8,ok,All checks passed.
95,health_watch,2026-10-07 01:51:35.057423+00,2026-10-07 01:51:35.069804+00,12,ok,All checks passed.
96,sla_check,2026-10-07 01:51:45.078897+00,2026-10-07 01:51:45.081383+00,2,failed,HTTPError: HTTP Error 503: Service Unavailable
97,health_watch,2026-10-07 01:51:45.066091+00,2026-10-07 01:51:45.092208+00,26,ok,All checks passed.
98,health_watch,2026-10-07 01:51:55.089582+00,2026-10-07 01:51:55.098473+00,8,ok,All checks passed.
99,health_watch,2026-10-07 01:52:05.100867+00,2026-10-07 01:52:05.15919+00,58,ok,All checks passed.
100,sla_check,2026-10-07 01:52:15.128794+00,2026-10-07 01:52:15.134064+00,5,failed,HTTPError: HTTP Error 503: Service Unavailable
101,health_watch,2026-10-07 01:52:15.115424+00,2026-10-07 01:52:15.155039+00,39,ok,All checks passed.
102,bi_rollup,2026-10-07 01:52:15.141994+00,2026-10-07 01:52:15.304252+00,162,ok,10 minutes written to bi_traffic_minute.
103,health_watch,2026-10-07 01:52:25.151492+00,2026-10-07 01:52:25.165537+00,14,ok,All checks passed.
104,health_watch,2026-10-07 01:52:35.168791+00,2026-10-07 01:52:35.182438+00,13,ok,All checks passed.
105,sla_check,2026-10-07 01:52:45.193778+00,2026-10-07 01:52:45.197037+00,3,failed,HTTPError: HTTP Error 503: Service Unavailable
106,health_watch,2026-10-07 01:52:45.181554+00,2026-10-07 01:52:45.206977+00,25,ok,All checks passed.
107,health_watch,2026-10-07 01:52:55.207659+00,2026-10-07 01:52:55.219811+00,12,ok,All checks passed.
108,health_watch,2026-10-07 01:53:05.220906+00,2026-10-07 01:53:05.233567+00,12,ok,All checks passed.
109,sla_check,2026-10-07 01:53:15.247432+00,2026-10-07 01:53:15.250607+00,3,failed,HTTPError: HTTP Error 503: Service Unavailable
110,health_watch,2026-10-07 01:53:15.234493+00,2026-10-07 01:53:15.27308+00,38,ok,All checks passed.
111,bi_rollup,2026-10-07 01:53:15.26027+00,2026-10-07 01:53:15.421236+00,160,ok,10 minutes written to bi_traffic_minute.
112,health_watch,2026-10-07 01:53:25.269531+00,2026-10-07 01:53:25.281768+00,12,ok,All checks passed.
113,health_watch,2026-10-07 01:53:35.282001+00,2026-10-07 01:53:35.289019+00,7,ok,All checks passed.
114,sla_check,2026-10-07 01:53:45.310752+00,2026-10-07 01:53:45.316173+00,5,failed,HTTPError: HTTP Error 503: Service Unavailable
115,health_watch,2026-10-07 01:53:45.297885+00,2026-10-07 01:53:45.324397+00,26,ok,All checks passed.
116,health_watch,2026-10-07 01:53:55.320994+00,2026-10-07 01:53:55.332022+00,11,ok,All checks passed.
117,health_watch,2026-10-07 01:54:05.330715+00,2026-10-07 01:54:05.345302+00,14,ok,All checks passed.
118,sla_check,2026-10-07 01:54:15.354115+00,2026-10-07 01:54:15.359604+00,5,failed,HTTPError: HTTP Error 503: Service Unavailable
119,health_watch,2026-10-07 01:54:15.341635+00,2026-10-07 01:54:15.380397+00,38,ok,All checks passed.
120,bi_rollup,2026-10-07 01:54:15.367162+00,2026-10-07 01:54:15.531834+00,164,ok,10 minutes written to bi_traffic_minute.
121,health_watch,2026-10-07 01:54:25.380443+00,2026-10-07 01:54:25.392128+00,11,ok,All checks passed.
122,health_watch,2026-10-07 01:54:35.390806+00,2026-10-07 01:54:35.403397+00,12,ok,All checks passed.
123,sla_check,2026-10-07 01:54:45.414729+00,2026-10-07 01:54:45.419289+00,4,failed,HTTPError: HTTP Error 503: Service Unavailable
124,health_watch,2026-10-07 01:54:45.40173+00,2026-10-07 01:54:45.427341+00,25,ok,All checks passed.
125,health_watch,2026-10-07 01:54:55.423257+00,2026-10-07 01:54:55.434016+00,10,ok,All checks passed.
126,health_watch,2026-10-07 01:55:05.436338+00,2026-10-07 01:55:05.447546+00,11,ok,All checks passed.
127,sla_check,2026-10-07 01:55:15.457848+00,2026-10-07 01:55:15.461598+00,3,failed,HTTPError: HTTP Error 503: Service Unavailable
128,health_watch,2026-10-07 01:55:15.444995+00,2026-10-07 01:55:15.515967+00,70,ok,All checks passed.
129,bi_rollup,2026-10-07 01:55:15.471035+00,2026-10-07 01:55:15.640475+00,169,ok,10 minutes written to bi_traffic_minute.
130,health_watch,2026-10-07 01:55:25.488658+00,2026-10-07 01:55:25.501583+00,12,ok,All checks passed.
131,health_watch,2026-10-07 01:55:35.506701+00,2026-10-07 01:55:35.51357+00,6,ok,All checks passed.
132,sla_check,2026-10-07 01:55:45.534086+00,2026-10-07 01:55:45.540973+00,6,failed,HTTPError: HTTP Error 503: Service Unavailable
133,health_watch,2026-10-07 01:55:45.52149+00,2026-10-07 01:55:45.553329+00,31,ok,All checks passed.
134,health_watch,2026-10-07 01:55:55.55332+00,2026-10-07 01:55:55.568722+00,15,ok,All checks passed.
135,health_watch,2026-10-07 01:56:05.5625+00,2026-10-07 01:56:05.569846+00,7,ok,All checks passed.
136,sla_check,2026-10-07 01:56:15.577888+00,2026-10-07 01:56:15.580534+00,2,failed,HTTPError: HTTP Error 503: Service Unavailable
137,health_watch,2026-10-07 01:56:15.570965+00,2026-10-07 01:56:15.592415+00,21,ok,All checks passed.
138,bi_rollup,2026-10-07 01:56:15.584861+00,2026-10-07 01:56:15.669482+00,84,ok,10 minutes written to bi_traffic_minute.
139,health_watch,2026-10-07 01:56:25.602403+00,2026-10-07 01:56:25.660319+00,57,ok,All checks passed.
140,health_watch,2026-10-07 01:56:35.620432+00,2026-10-07 01:56:35.635374+00,14,ok,All checks passed.
141,sla_check,2026-10-07 01:56:45.635196+00,2026-10-07 01:56:45.637562+00,2,failed,HTTPError: HTTP Error 503: Service Unavailable
142,health_watch,2026-10-07 01:56:45.628962+00,2026-10-07 01:56:45.64431+00,15,ok,All checks passed.
143,health_watch,2026-10-07 01:56:55.643743+00,2026-10-07 01:56:55.702546+00,58,ok,All checks passed.
144,health_watch,2026-10-07 01:57:05.66098+00,2026-10-07 01:57:05.719693+00,58,ok,All checks passed.
145,sla_check,2026-10-07 01:57:15.681742+00,2026-10-07 01:57:15.684396+00,2,failed,HTTPError: HTTP Error 503: Service Unavailable
146,health_watch,2026-10-07 01:57:15.669452+00,2026-10-07 01:57:15.69596+00,26,ok,All checks passed.
147,bi_rollup,2026-10-07 01:57:15.688758+00,2026-10-07 01:57:15.781461+00,92,ok,10 minutes written to bi_traffic_minute.
148,health_watch,2026-10-07 01:57:25.704767+00,2026-10-07 01:57:25.717757+00,12,ok,All checks passed.
149,health_watch,2026-10-07 01:57:35.723184+00,2026-10-07 01:57:35.738112+00,14,ok,All checks passed.
150,sla_check,2026-10-07 01:57:45.749416+00,2026-10-07 01:57:45.756141+00,6,failed,HTTPError: HTTP Error 503: Service Unavailable
151,health_watch,2026-10-07 01:57:45.742039+00,2026-10-07 01:57:45.76385+00,21,ok,All checks passed.
152,health_watch,2026-10-07 01:57:55.758774+00,2026-10-07 01:57:55.773082+00,14,ok,All checks passed.
153,health_watch,2026-10-07 01:58:05.787352+00,2026-10-07 01:58:05.798891+00,11,ok,All checks passed.
180,health_watch,2026-10-07 02:04:32.027047+00,2026-10-07 02:04:32.033536+00,6,ok,All checks passed.
154,sla_check,2026-10-07 01:58:15.803593+00,2026-10-07 01:58:15.808362+00,4,failed,HTTPError: HTTP Error 503: Service Unavailable
155,health_watch,2026-10-07 01:58:15.796407+00,2026-10-07 01:58:15.81812+00,21,ok,All checks passed.
156,bi_rollup,2026-10-07 01:58:15.8111+00,2026-10-07 01:58:15.893307+00,82,ok,10 minutes written to bi_traffic_minute.
157,health_watch,2026-10-07 01:58:25.820584+00,2026-10-07 01:58:25.828558+00,7,ok,All checks passed.
158,health_watch,2026-10-07 01:58:35.8389+00,2026-10-07 01:58:35.846926+00,8,ok,All checks passed.
159,sla_check,2026-10-07 01:58:45.864626+00,2026-10-07 01:58:45.870448+00,5,failed,HTTPError: HTTP Error 503: Service Unavailable
160,health_watch,2026-10-07 01:58:45.85724+00,2026-10-07 01:58:45.878122+00,20,ok,All checks passed.
161,health_watch,2026-10-07 01:58:55.879549+00,2026-10-07 01:58:55.891562+00,12,ok,All checks passed.
162,health_watch,2026-10-07 01:59:05.888928+00,2026-10-07 01:59:05.904471+00,15,ok,All checks passed.
163,sla_check,2026-10-07 01:59:15.906447+00,2026-10-07 01:59:15.912136+00,5,failed,HTTPError: HTTP Error 503: Service Unavailable
164,health_watch,2026-10-07 01:59:15.89901+00,2026-10-07 01:59:15.92171+00,22,ok,All checks passed.
165,bi_rollup,2026-10-07 01:59:15.914604+00,2026-10-07 01:59:16.001379+00,86,ok,10 minutes written to bi_traffic_minute.
166,health_watch,2026-10-07 01:59:25.931774+00,2026-10-07 01:59:25.938649+00,6,ok,All checks passed.
167,health_watch,2026-10-07 01:59:35.94022+00,2026-10-07 01:59:35.998866+00,58,ok,All checks passed.
168,sla_check,2026-10-07 01:59:45.963888+00,2026-10-07 01:59:45.966142+00,2,failed,HTTPError: HTTP Error 503: Service Unavailable
169,health_watch,2026-10-07 01:59:45.957342+00,2026-10-07 01:59:45.973095+00,15,ok,All checks passed.
170,health_watch,2026-10-07 01:59:55.972594+00,2026-10-07 01:59:55.981493+00,8,ok,All checks passed.
171,model_retrain,2026-10-07 02:00:00.979823+00,2026-10-07 02:00:00.980231+00,0,skipped,ml/train.py does not exist yet.
172,sla_check,2026-10-07 02:03:41.968519+00,2026-10-07 02:03:41.983281+00,14,failed,HTTPError: HTTP Error 503: Service Unavailable
173,health_watch,2026-10-07 02:03:41.961177+00,2026-10-07 02:03:42.003867+00,42,ok,All checks passed.
174,bi_rollup,2026-10-07 02:03:41.97584+00,2026-10-07 02:03:42.122871+00,147,ok,7 minutes written to bi_traffic_minute.
175,health_watch,2026-10-07 02:03:51.984838+00,2026-10-07 02:03:51.991946+00,7,ok,All checks passed.
176,health_watch,2026-10-07 02:04:01.992881+00,2026-10-07 02:04:01.99938+00,6,ok,All checks passed.
177,sla_check,2026-10-07 02:04:12.010482+00,2026-10-07 02:04:12.015499+00,5,failed,HTTPError: HTTP Error 503: Service Unavailable
178,health_watch,2026-10-07 02:04:12.003243+00,2026-10-07 02:04:12.024168+00,20,ok,All checks passed.
179,health_watch,2026-10-07 02:04:22.018685+00,2026-10-07 02:04:22.026865+00,8,ok,All checks passed.
181,sla_check,2026-10-07 02:04:42.041421+00,2026-10-07 02:04:42.043844+00,2,failed,HTTPError: HTTP Error 503: Service Unavailable
182,health_watch,2026-10-07 02:04:42.034965+00,2026-10-07 02:04:42.055499+00,20,ok,All checks passed.
183,bi_rollup,2026-10-07 02:04:42.048027+00,2026-10-07 02:04:42.100715+00,52,ok,6 minutes written to bi_traffic_minute.
184,health_watch,2026-10-07 02:04:52.056149+00,2026-10-07 02:04:52.06263+00,6,ok,All checks passed.
185,health_watch,2026-10-07 02:05:02.064074+00,2026-10-07 02:05:02.07016+00,6,ok,All checks passed.
186,sla_check,2026-10-07 02:05:12.079337+00,2026-10-07 02:05:12.081755+00,2,failed,HTTPError: HTTP Error 503: Service Unavailable
187,health_watch,2026-10-07 02:05:12.072709+00,2026-10-07 02:05:12.088546+00,15,ok,All checks passed.
188,health_watch,2026-10-07 02:05:22.08872+00,2026-10-07 02:05:22.10406+00,15,ok,All checks passed.
189,health_watch,2026-10-07 02:05:32.096865+00,2026-10-07 02:05:32.105068+00,8,ok,All checks passed.
190,sla_check,2026-10-07 02:05:42.112248+00,2026-10-07 02:05:42.114345+00,2,failed,HTTPError: HTTP Error 503: Service Unavailable
191,health_watch,2026-10-07 02:05:42.105561+00,2026-10-07 02:05:42.125608+00,20,ok,All checks passed.
192,bi_rollup,2026-10-07 02:05:42.118775+00,2026-10-07 02:05:42.183683+00,64,ok,6 minutes written to bi_traffic_minute.
193,health_watch,2026-10-07 02:05:52.127259+00,2026-10-07 02:05:52.135079+00,7,ok,All checks passed.
194,health_watch,2026-10-07 02:06:02.135982+00,2026-10-07 02:06:02.146332+00,10,ok,All checks passed.
195,sla_check,2026-10-07 02:06:12.150578+00,2026-10-07 02:06:12.153629+00,3,failed,HTTPError: HTTP Error 503: Service Unavailable
196,health_watch,2026-10-07 02:06:12.144177+00,2026-10-07 02:06:12.160423+00,16,failed,Failed: clickhouse.
197,sla_check,2026-10-07 06:43:29.088542+00,2026-10-07 06:43:29.093066+00,4,failed,HTTPError: HTTP Error 503: Service Unavailable
198,health_watch,2026-10-07 06:43:29.079668+00,2026-10-07 06:43:29.11265+00,32,failed,"Failed: ml_scorer, kafka_lag."
199,bi_rollup,2026-10-07 06:43:29.095314+00,2026-10-07 06:43:29.190383+00,95,ok,0 minutes written to bi_traffic_minute.
200,health_watch,2026-10-07 06:43:39.103736+00,2026-10-07 06:43:39.110379+00,6,failed,Failed: kafka_lag.
201,health_watch,2026-10-07 06:43:49.1121+00,2026-10-07 06:43:49.11836+00,6,failed,Failed: kafka_lag.
202,sla_check,2026-10-07 06:43:59.126087+00,2026-10-07 06:43:59.128735+00,2,failed,HTTPError: HTTP Error 503: Service Unavailable
203,health_watch,2026-10-07 06:43:59.119799+00,2026-10-07 06:43:59.139527+00,19,failed,Failed: kafka_lag.
204,health_watch,2026-10-07 06:44:09.134375+00,2026-10-07 06:44:09.193411+00,59,ok,All checks passed.
205,health_watch,2026-10-07 06:44:19.142987+00,2026-10-07 06:44:19.149086+00,6,ok,All checks passed.
206,sla_check,2026-10-07 06:44:29.158361+00,2026-10-07 06:44:29.160939+00,2,failed,HTTPError: HTTP Error 503: Service Unavailable
207,health_watch,2026-10-07 06:44:29.151849+00,2026-10-07 06:44:29.172845+00,20,ok,All checks passed.
208,bi_rollup,2026-10-07 06:44:29.165535+00,2026-10-07 06:44:29.186097+00,20,ok,0 minutes written to bi_traffic_minute.
209,health_watch,2026-10-07 06:44:39.174434+00,2026-10-07 06:44:39.181594+00,7,ok,All checks passed.
210,health_watch,2026-10-07 06:44:49.182894+00,2026-10-07 06:44:49.188851+00,5,ok,All checks passed.
211,sla_check,2026-10-07 06:44:59.197316+00,2026-10-07 06:44:59.199247+00,1,failed,HTTPError: HTTP Error 503: Service Unavailable
212,health_watch,2026-10-07 06:44:59.190806+00,2026-10-07 06:44:59.209895+00,19,ok,All checks passed.
213,health_watch,2026-10-07 06:45:09.205818+00,2026-10-07 06:45:09.211904+00,6,ok,All checks passed.
214,health_watch,2026-10-07 06:45:19.213621+00,2026-10-07 06:45:19.220481+00,6,ok,All checks passed.
215,sla_check,2026-10-07 06:45:29.228053+00,2026-10-07 06:45:29.230482+00,2,failed,HTTPError: HTTP Error 503: Service Unavailable
216,health_watch,2026-10-07 06:45:29.221659+00,2026-10-07 06:45:29.242295+00,20,ok,All checks passed.
217,bi_rollup,2026-10-07 06:45:29.234684+00,2026-10-07 06:45:29.257633+00,22,ok,1 minutes written to bi_traffic_minute.
218,health_watch,2026-10-07 06:45:39.242921+00,2026-10-07 06:45:39.250292+00,7,ok,All checks passed.
219,health_watch,2026-10-07 06:45:49.250909+00,2026-10-07 06:45:49.256202+00,5,ok,All checks passed.
220,sla_check,2026-10-07 06:45:59.265422+00,2026-10-07 06:45:59.267593+00,2,failed,HTTPError: HTTP Error 503: Service Unavailable
221,health_watch,2026-10-07 06:45:59.259048+00,2026-10-07 06:45:59.278125+00,19,ok,All checks passed.
222,health_watch,2026-10-07 06:46:09.273317+00,2026-10-07 06:46:09.279345+00,6,ok,All checks passed.
223,health_watch,2026-10-07 06:46:19.290895+00,2026-10-07 06:46:19.296704+00,5,ok,All checks passed.
224,sla_check,2026-10-07 06:46:29.311695+00,2026-10-07 06:46:29.313724+00,2,failed,HTTPError: HTTP Error 503: Service Unavailable
225,health_watch,2026-10-07 06:46:29.299006+00,2026-10-07 06:46:29.329926+00,30,ok,All checks passed.
226,bi_rollup,2026-10-07 06:46:29.318464+00,2026-10-07 06:46:29.351637+00,33,ok,2 minutes written to bi_traffic_minute.
227,health_watch,2026-10-07 06:46:39.326472+00,2026-10-07 06:46:39.332452+00,5,ok,All checks passed.
228,health_watch,2026-10-07 06:46:49.334744+00,2026-10-07 06:46:49.340501+00,5,ok,All checks passed.
229,sla_check,2026-10-07 06:46:59.348874+00,2026-10-07 06:46:59.350926+00,2,failed,HTTPError: HTTP Error 503: Service Unavailable
230,health_watch,2026-10-07 06:46:59.342873+00,2026-10-07 06:46:59.362363+00,19,ok,All checks passed.
231,health_watch,2026-10-07 06:47:09.357153+00,2026-10-07 06:47:09.363463+00,6,ok,All checks passed.
232,health_watch,2026-10-07 06:47:19.364815+00,2026-10-07 06:47:19.371507+00,6,ok,All checks passed.
233,sla_check,2026-10-07 06:47:29.379347+00,2026-10-07 06:47:29.381867+00,2,failed,HTTPError: HTTP Error 503: Service Unavailable
234,health_watch,2026-10-07 06:47:29.372606+00,2026-10-07 06:47:29.393828+00,21,ok,All checks passed.
235,bi_rollup,2026-10-07 06:47:29.386048+00,2026-10-07 06:47:29.443204+00,57,ok,3 minutes written to bi_traffic_minute.
236,health_watch,2026-10-07 06:47:39.393598+00,2026-10-07 06:47:39.399326+00,5,ok,All checks passed.
237,health_watch,2026-10-07 06:47:49.401432+00,2026-10-07 06:47:49.406919+00,5,ok,All checks passed.
238,sla_check,2026-10-07 06:47:59.420041+00,2026-10-07 06:47:59.422259+00,2,failed,HTTPError: HTTP Error 503: Service Unavailable
239,health_watch,2026-10-07 06:47:59.40947+00,2026-10-07 06:47:59.42956+00,20,ok,All checks passed.
240,health_watch,2026-10-07 06:48:09.42801+00,2026-10-07 06:48:09.487427+00,59,ok,All checks passed.
241,health_watch,2026-10-07 06:48:19.435946+00,2026-10-07 06:48:19.44158+00,5,ok,All checks passed.
242,sla_check,2026-10-07 06:48:29.449918+00,2026-10-07 06:48:29.45231+00,2,failed,HTTPError: HTTP Error 503: Service Unavailable
243,health_watch,2026-10-07 06:48:29.443557+00,2026-10-07 06:48:29.467736+00,24,ok,All checks passed.
244,bi_rollup,2026-10-07 06:48:29.456385+00,2026-10-07 06:48:29.504202+00,47,ok,4 minutes written to bi_traffic_minute.
245,health_watch,2026-10-07 06:48:39.464484+00,2026-10-07 06:48:39.471232+00,6,ok,All checks passed.
246,health_watch,2026-10-07 06:48:49.472408+00,2026-10-07 06:48:49.479289+00,6,ok,All checks passed.
247,sla_check,2026-10-07 06:48:59.486947+00,2026-10-07 06:48:59.489049+00,2,failed,HTTPError: HTTP Error 503: Service Unavailable
248,health_watch,2026-10-07 06:48:59.480368+00,2026-10-07 06:48:59.500303+00,19,ok,All checks passed.
249,health_watch,2026-10-07 06:49:09.495505+00,2026-10-07 06:49:09.501601+00,6,ok,All checks passed.
