minute,events,normal,flagged_rule,flagged_ai,flagged_share,freshness_p50_s,freshness_p95_s
2026-10-07 01:43:00+00,3470,231,3239,0,0.9334293948126802,0.488,1.345
2026-10-07 01:49:00+00,506,116,390,0,0.7707509881422925,1.866,3.621
2026-10-07 01:50:00+00,277,24,253,0,0.9133574007220217,1.876,3.223
2026-10-07 01:51:00+00,179,19,160,0,0.8938547486033519,1.918,3.282
2026-10-07 01:52:00+00,172,20,152,0,0.8837209302325582,1.435,2.432
2026-10-07 01:44:00+00,34738,170,34568,0,0.9951062237319362,11.423,14.642
2026-10-07 01:53:00+00,179,19,160,0,0.8938547486033519,1.633,2.59
2026-10-07 01:45:00+00,47186,137,47049,0,0.997096596448099,0.591,13.503
2026-10-07 01:54:00+00,180,20,160,0,0.8888888888888888,1.764,2.974
2026-10-07 01:55:00+00,120,32,88,0,0.7333333333333333,2.25,3.012
2026-10-07 01:46:00+00,1633,169,1464,0,0.8965094917330068,0.473,1.072
2026-10-07 01:56:00+00,108,27,81,0,0.75,1.588,3
2026-10-07 01:57:00+00,115,24,91,0,0.7913043478260869,1.79,2.462
2026-10-07 01:58:00+00,114,35,79,0,0.6929824561403509,1.885,2.786
2026-10-07 01:59:00+00,160,26,134,0,0.8375,1.971,2.918
2026-10-07 02:04:00+00,45092,44950,142,0,0.0031491173600638692,0.606,1.29
2026-10-07 01:41:00+00,1,1,0,0,0,0.784,0.784
2026-10-07 01:47:00+00,2647,28,2619,0,0.9894219871552701,1.216,1.249
2026-10-07 01:42:00+00,1107,250,857,0,0.7741644083107497,0.501,1.097
2026-10-07 06:44:00+00,71826,71545,281,0,0.0039122323392643335,14961.53,14977.117
2026-10-07 06:45:00+00,4652,4545,107,0,0.02300085984522786,0.678,1.427
2026-10-07 06:46:00+00,1592,1423,169,0,0.10615577889447236,0.579,1.253
2026-10-07 06:47:00+00,50768,50699,69,0,0.0013591238575480617,0.556,1.064
2026-10-07 01:48:00+00,644,28,616,0,0.9565217391304348,1.608,9.855
