,0
T1001,0
T1001.001,0
T1001.002,0
T1001.003,0
T1003,65
T1003.001,21
T1003.002,11
T1003.003,6
T1003.004,5
T1003.005,3
T1003.006,5
T1003.007,5
T1003.008,10
T1005,33
T1006,7
T1007,2
T1008,0
T1010,0
T1011,1
T1011.001,1
T1012,1
T1014,23
T1016,22
T1016.001,6
T1016.002,0
T1018,15
T1020,7
T1020.001,0
T1021,87
T1021.001,17
T1021.002,21
T1021.003,8
T1021.004,23
T1021.005,1
T1021.006,3
T1021.007,5
T1021.008,1
T1025,0
T1027,45
T1027.001,0
T1027.002,0
T1027.003,0
T1027.004,3
T1027.005,0
T1027.006,1
T1027.007,0
T1027.008,0
T1027.009,0
T1027.010,24
T1027.011,0
T1027.012,0
T1027.013,4
T1027.014,0
T1027.015,2
T1027.016,0
T1027.017,0
T1027.018,0
T1029,0
T1030,2
T1033,17
T1036,69
T1036.001,11
T1036.002,1
T1036.003,11
T1036.004,5
T1036.005,26
T1036.006,2
T1036.007,1
T1036.008,0
T1036.009,5
T1036.010,0
T1036.011,0
T1036.012,0
T1037,23
T1037.001,0
T1037.002,1
T1037.003,0
T1037.004,10
T1037.005,0
T1039,5
T1040,4
T1041,15
T1046,21
T1047,20
T1048,22
T1048.001,1
T1048.002,0
T1048.003,5
T1049,6
T1052,4
T1052.001,4
T1053,34
T1053.002,5
T1053.003,12
T1053.005,16
T1053.006,2
T1053.007,2
T1055,24
T1055.001,2
T1055.002,2
T1055.003,1
T1055.004,1
T1055.005,0
T1055.008,4
T1055.009,1
T1055.011,0
T1055.012,4
T1055.013,0
T1055.014,0
T1055.015,0
T1056,4
T1056.001,1
T1056.002,1
T1056.003,0
T1056.004,0
T1057,14
T1059,316
T1059.001,112
T1059.002,18
T1059.003,43
T1059.004,143
T1059.005,17
T1059.006,43
T1059.007,33
T1059.008,0
T1059.009,3
T1059.010,1
T1059.011,9
T1059.012,0
T1059.013,0
T1068,59
T1069,26
T1069.001,6
T1069.002,8
T1069.003,10
T1070,37
T1070.003,4
T1070.004,14
T1070.005,0
T1070.006,3
T1070.007,0
T1070.008,1
T1070.009,0
T1070.010,0
T1071,98
T1071.001,30
T1071.002,0
T1071.003,1
T1071.004,15
T1071.005,1
T1072,3
T1074,9
T1074.001,5
T1074.002,3
T1078,193
T1078.001,5
T1078.002,14
T1078.003,12
T1078.004,126
T1080,2
T1082,39
T1083,23
T1087,31
T1087.001,7
T1087.002,8
T1087.003,0
T1087.004,14
T1090,22
T1090.001,2
T1090.002,6
T1090.003,2
T1090.004,0
T1091,3
T1092,0
T1095,21
T1098,167
T1098.001,23
T1098.002,2
T1098.003,34
T1098.004,10
T1098.005,20
T1098.006,20
T1098.007,7
T1102,18
T1102.001,5
T1102.002,11
T1102.003,1
T1104,0
T1105,71
T1106,17
T1110,46
T1110.001,27
T1110.002,1
T1110.003,30
T1110.004,10
T1111,1
T1112,41
T1113,3
T1114,12
T1114.001,4
T1114.002,7
T1114.003,3
T1115,3
T1119,3
T1120,2
T1123,2
T1124,0
T1125,2
T1127,16
T1127.001,13
T1127.002,0
T1127.003,0
T1129,7
T1132,1
T1132.001,1
T1132.002,0
T1133,24
T1134,21
T1134.001,7
T1134.002,6
T1134.003,2
T1134.004,3
T1134.005,0
T1135,4
T1136,28
T1136.001,15
T1136.002,2
T1136.003,10
T1137,7
T1137.001,1
T1137.002,1
T1137.003,0
T1137.004,1
T1137.005,2
T1137.006,2
T1140,38
T1176,3
T1176.001,2
T1176.002,0
T1185,2
T1187,9
T1189,7
T1190,64
T1195,18
T1195.001,6
T1195.002,14
T1195.003,0
T1197,2
T1199,4
T1200,0
T1201,4
T1202,12
T1203,29
T1204,56
T1204.001,4
T1204.002,50
T1204.003,0
T1204.004,6
T1204.005,0
T1205,1
T1205.001,1
T1205.002,0
T1207,0
T1210,24
T1211,2
T1212,5
T1213,16
T1213.001,0
T1213.002,3
T1213.003,3
T1213.004,0
T1213.005,0
T1213.006,2
T1216,1
T1216.001,0
T1216.002,0
T1217,0
T1218,88
T1218.001,3
T1218.002,3
T1218.003,10
T1218.004,9
T1218.005,28
T1218.007,17
T1218.008,6
T1218.009,7
T1218.010,17
T1218.011,28
T1218.012,0
T1218.013,0
T1218.014,4
T1218.015,0
T1219,23
T1219.001,0
T1219.002,10
T1219.003,0
T1220,4
T1221,0
T1222,15
T1222.001,2
T1222.002,11
T1480,0
T1480.001,0
T1480.002,0
T1482,8
T1484,26
T1484.001,2
T1484.002,8
T1485,43
T1485.001,3
T1486,16
T1489,21
T1490,22
T1491,1
T1491.001,0
T1491.002,1
T1495,0
T1496,12
T1496.001,2
T1496.002,0
T1496.003,0
T1496.004,3
T1497,5
T1497.001,3
T1497.002,0
T1497.003,1
T1498,6
T1498.001,1
T1498.002,0
T1499,6
T1499.001,0
T1499.002,2
T1499.003,1
T1499.004,1
T1505,29
T1505.001,2
T1505.002,0
T1505.003,23
T1505.004,0
T1505.005,0
T1505.006,0
T1518,12
T1518.001,2
T1518.002,0
T1525,1
T1526,21
T1528,32
T1529,3
T1530,23
T1531,16
T1534,1
T1535,0
T1537,15
T1538,1
T1539,18
T1542,7
T1542.001,0
T1542.002,0
T1542.003,1
T1542.004,0
T1542.005,0
T1543,84
T1543.001,9
T1543.002,11
T1543.003,22
T1543.004,9
T1543.005,2
T1546,66
T1546.001,0
T1546.002,2
T1546.003,3
T1546.004,11
T1546.005,1
T1546.006,0
T1546.007,1
T1546.008,1
T1546.009,1
T1546.010,1
T1546.011,2
T1546.012,4
T1546.013,1
T1546.014,2
T1546.015,2
T1546.016,9
T1546.017,3
T1546.018,2
T1547,48
T1547.001,13
T1547.002,2
T1547.003,1
T1547.004,1
T1547.005,4
T1547.006,16
T1547.007,0
T1547.008,0
T1547.009,2
T1547.010,1
T1547.012,1
T1547.013,5
T1547.014,1
T1547.015,1
T1548,74
T1548.001,23
T1548.002,11
T1548.003,16
T1548.004,2
T1548.005,6
T1548.006,3
T1550,59
T1550.001,41
T1550.002,5
T1550.003,4
T1550.004,4
T1552,77
T1552.001,31
T1552.002,0
T1552.003,0
T1552.004,9
T1552.005,19
T1552.006,2
T1552.007,16
T1552.008,0
T1553,18
T1553.001,5
T1553.002,3
T1553.003,1
T1553.004,3
T1553.005,1
T1553.006,3
T1554,10
T1555,26
T1555.001,5
T1555.002,0
T1555.003,3
T1555.004,4
T1555.005,0
T1555.006,6
T1556,45
T1556.001,0
T1556.002,0
T1556.003,5
T1556.004,0
T1556.005,0
T1556.006,11
T1556.007,3
T1556.008,1
T1556.009,5
T1557,24
T1557.001,8
T1557.002,0
T1557.003,1
T1557.004,0
T1558,17
T1558.001,0
T1558.002,0
T1558.003,8
T1558.004,2
T1558.005,3
T1559,14
T1559.001,12
T1559.002,0
T1559.003,0
T1560,7
T1560.001,6
T1560.002,2
T1560.003,0
T1561,0
T1561.001,0
T1561.002,0
T1563,9
T1563.001,8
T1563.002,1
T1564,38
T1564.001,16
T1564.002,4
T1564.003,0
T1564.004,4
T1564.005,0
T1564.006,2
T1564.007,0
T1564.008,2
T1564.009,0
T1564.010,0
T1564.011,0
T1564.012,0
T1564.013,0
T1564.014,0
T1565,17
T1565.001,16
T1565.002,1
T1565.003,0
T1566,53
T1566.001,23
T1566.002,35
T1566.003,2
T1566.004,0
T1567,28
T1567.001,8
T1567.002,15
T1567.003,3
T1567.004,1
T1568,9
T1568.001,0
T1568.002,8
T1568.003,0
T1569,15
T1569.001,1
T1569.002,14
T1569.003,0
T1570,15
T1571,6
T1572,27
T1573,5
T1573.001,0
T1573.002,2
T1574,71
T1574.001,10
T1574.004,0
T1574.005,0
T1574.006,17
T1574.007,4
T1574.008,1
T1574.009,1
T1574.010,1
T1574.011,4
T1574.012,0
T1574.013,2
T1574.014,0
T1578,20
T1578.001,1
T1578.002,2
T1578.003,0
T1578.004,1
T1578.005,16
T1580,22
T1583,3
T1583.001,2
T1583.002,0
T1583.003,0
T1583.004,0
T1583.005,0
T1583.006,0
T1583.007,0
T1583.008,0
T1584,2
T1584.001,2
T1584.002,0
T1584.003,0
T1584.004,0
T1584.005,0
T1584.006,0
T1584.007,0
T1584.008,0
T1585,0
T1585.001,0
T1585.002,0
T1585.003,0
T1586,0
T1586.001,0
T1586.002,0
T1586.003,0
T1587,1
T1587.001,1
T1587.002,0
T1587.003,0
T1587.004,0
T1588,1
T1588.001,1
T1588.002,0
T1588.003,0
T1588.004,0
T1588.005,0
T1588.006,0
T1588.007,0
T1589,0
T1589.001,0
T1589.002,0
T1589.003,0
T1590,1
T1590.001,0
T1590.002,0
T1590.003,0
T1590.004,0
T1590.005,0
T1590.006,0
T1591,0
T1591.001,0
T1591.002,0
T1591.003,0
T1591.004,0
T1592,0
T1592.001,0
T1592.002,0
T1592.003,0
T1592.004,0
T1593,0
T1593.001,0
T1593.002,0
T1593.003,0
T1594,0
T1595,20
T1595.001,6
T1595.002,7
T1595.003,9
T1596,0
T1596.001,0
T1596.002,0
T1596.003,0
T1596.004,0
T1596.005,0
T1597,0
T1597.001,0
T1597.002,0
T1598,0
T1598.001,0
T1598.002,0
T1598.003,0
T1598.004,0
T1599,0
T1599.001,0
T1600,0
T1600.001,0
T1600.002,0
T1601,1
T1601.001,1
T1601.002,0
T1602,1
T1602.001,0
T1602.002,1
T1606,3
T1606.001,0
T1606.002,2
T1608,6
T1608.001,2
T1608.002,0
T1608.003,0
T1608.004,0
T1608.005,0
T1608.006,0
T1609,30
T1610,23
T1611,39
T1612,0
T1613,39
T1614,1
T1614.001,0
T1615,2
T1619,5
T1620,10
T1621,3
T1622,0
T1647,4
T1648,9
T1649,3
T1650,0
T1651,12
T1652,0
T1653,0
T1654,0
T1657,1
T1659,0
T1665,0
T1666,0
T1667,0
T1668,0
T1669,0
T1671,0
T1673,2
T1674,0
T1675,0
T1677,0
T1678,0
T1679,0
T1680,0
T1681,0
T1682,0
T1683,0
T1683.001,0
T1683.002,0
T1684,0
T1684.001,0
T1684.002,0
T1685,0
T1685.001,0
T1685.002,0
T1685.003,0
T1685.004,0
T1685.005,0
T1685.006,0
T1686,0
T1686.001,0
T1686.002,0
T1686.003,0
T1687,0
T1688,0
T1689,0
T1690,0
