,enable_mfa,reset_credentials,revoke_sessions,disable_account,block_source_ip,rate_limit_traffic,block_domain_port,network_segmentation,isolate_host,kill_process,quarantine_file,block_execution,block_malicious_request,add_waf_rule,patch_software,harden_configuration,disable_service,restrict_data_transfer,restore_from_backup,increase_monitoring
T0806,0,0,0,0,0,0,0,0,1,1,0,0,1,1,0,0,0,0,0,0
T0807,0,0,1,0,0,0,0,0,0,0,0,0,0,0,0,0,0,0,1,0
T0809,0,0,0,0,0,0,0,0,0,0,0,0,0,0,0,0,0,0,1,0
T0811,0,0,0,0,0,0,0,0,0,0,0,0,0,0,1,0,0,0,1,0
T0812,1,1,1,1,0,0,0,0,0,0,0,0,0,0,0,1,0,0,1,0
T0813,0,0,0,0,0,0,0,0,1,1,0,0,1,1,0,0,0,0,0,0
T0814,0,0,0,0,0,0,0,0,1,1,0,0,1,1,0,0,0,0,0,0
T0816,0,0,0,0,0,0,0,0,0,0,0,0,0,0,0,0,0,0,1,0
T0817,0,0,0,0,0,0,0,0,0,0,0,0,1,1,1,0,0,0,1,0
T0819,0,0,0,0,1,0,1,0,1,1,0,0,1,1,0,0,0,0,0,0
T0820,0,0,0,0,0,0,0,0,0,0,0,1,0,0,0,0,0,0,0,0
T0821,0,0,0,0,0,0,0,0,1,1,0,0,1,1,0,0,0,0,0,0
T0822,0,0,1,0,1,0,1,0,0,0,0,0,1,1,0,0,0,0,0,0
T0823,0,0,0,0,0,0,0,0,1,1,0,0,0,0,0,0,0,0,0,0
T0830,0,0,0,0,0,0,0,0,0,0,0,0,1,1,0,0,0,0,0,0
T0839,0,0,0,0,0,0,0,0,0,0,0,0,0,0,1,0,0,0,1,0
T0840,0,0,0,0,0,0,0,0,0,0,0,0,1,1,0,0,0,0,0,0
T0842,0,0,0,0,0,0,0,0,0,0,0,0,1,1,0,0,0,0,0,0
T0843,0,0,0,0,0,0,0,0,0,0,0,0,0,0,1,0,0,0,1,0
T0845,0,0,0,0,0,0,0,0,0,0,0,0,0,0,1,0,0,0,1,0
T0846,0,0,0,0,0,0,0,0,1,0,0,1,1,1,0,0,0,0,0,0
T0848,0,0,0,0,0,0,0,0,0,0,0,0,1,1,0,0,0,0,1,0
T0851,0,0,0,0,0,0,0,0,0,0,1,0,0,0,1,0,0,0,1,1
T0853,0,0,0,0,0,0,0,0,0,0,1,1,0,0,0,0,0,0,1,1
T0857,0,0,0,0,0,0,0,0,0,0,0,0,0,0,0,0,0,0,1,0
T0858,0,0,0,0,0,0,0,0,0,0,0,0,0,0,0,1,1,0,0,0
T0859,0,0,0,1,0,0,0,0,0,0,0,0,0,0,0,0,0,0,1,0
T0863,0,0,0,0,0,0,0,0,1,0,0,1,0,0,0,0,0,0,0,0
T0864,0,0,0,0,0,0,0,0,0,0,0,0,0,0,0,0,0,0,1,0
T0865,0,0,0,0,1,0,1,0,0,0,1,0,1,1,0,0,0,0,1,1
T0866,0,0,0,0,0,0,0,0,0,0,0,1,1,1,0,0,0,0,1,0
T0867,0,0,0,0,0,0,0,0,0,0,0,0,0,0,0,0,0,0,1,0
T0868,0,0,0,0,0,0,0,0,0,0,0,0,0,0,0,1,1,0,0,0
T0869,0,0,0,0,0,0,1,0,0,0,0,0,1,1,0,0,0,1,0,0
T0871,0,0,0,0,0,0,0,0,0,0,1,1,0,0,0,0,0,0,1,1
T0873,0,0,0,0,0,0,0,0,0,0,0,0,0,0,1,0,0,0,1,0
T0874,0,0,0,0,0,0,0,0,0,0,0,1,0,0,0,0,0,0,0,0
T0878,0,0,0,0,0,0,0,0,1,1,0,0,1,1,0,0,0,0,0,0
T0884,0,0,0,0,0,0,1,0,0,0,0,0,1,1,0,0,0,1,0,0
T0885,0,0,0,0,0,0,0,0,0,0,0,0,1,1,0,0,0,0,0,0
T0886,0,0,0,0,0,0,0,0,0,0,0,0,1,1,0,0,0,0,0,0
T0888,0,0,0,0,0,0,0,0,1,0,1,1,1,1,0,0,0,0,1,1
T0889,0,0,0,0,0,0,0,0,0,0,0,0,0,0,1,0,0,0,1,0
T0890,0,0,0,0,0,0,0,0,0,0,0,1,0,0,0,0,0,0,0,0
T0891,1,1,1,0,0,0,0,0,0,0,0,0,0,0,0,1,0,0,0,0
T0892,1,1,1,0,0,0,0,0,0,0,0,0,0,0,0,1,0,0,0,0
T0893,0,0,0,0,0,0,0,0,0,0,1,0,0,0,0,0,0,0,1,1
T0894,0,0,0,0,0,0,0,0,1,0,1,1,1,1,1,0,0,0,1,1
T0895,0,0,0,0,0,0,0,0,1,0,1,1,1,1,0,0,0,0,1,1
T1001,0,0,0,0,0,0,1,0,0,0,0,0,1,1,0,0,0,1,0,0
T1003.001,0,0,0,0,0,0,0,0,1,1,0,0,1,1,0,0,0,0,0,0
T1003.002,0,0,0,0,0,0,0,0,1,1,0,0,1,1,0,0,0,0,0,0
T1003.003,1,1,1,0,0,0,0,0,0,0,0,0,0,0,0,1,0,0,0,0
T1003.004,0,0,0,0,0,0,0,0,1,1,0,0,0,0,0,0,0,0,0,0
T1003.005,1,1,1,0,0,0,0,0,0,0,0,0,0,0,0,1,0,0,0,0
T1003.006,0,0,0,0,0,0,0,0,0,0,0,0,1,1,0,0,0,0,0,1
T1003.007,0,0,0,0,0,0,0,0,0,0,1,0,0,0,0,0,0,0,1,1
T1003.008,1,1,1,0,0,0,0,0,0,0,1,0,0,0,0,1,0,0,1,1
T1005,0,0,0,0,0,0,0,0,0,0,1,0,0,0,0,0,0,0,1,1
T1007,0,0,0,0,0,0,0,0,1,0,0,1,0,0,0,0,0,0,0,0
T1008,0,0,0,0,0,0,1,0,0,0,0,0,1,1,0,0,0,1,0,0
T1010,0,0,0,0,0,0,0,0,1,0,0,1,0,0,0,0,0,0,0,0
T1011,0,0,0,0,0,0,0,0,0,0,0,0,1,1,0,0,0,0,0,0
T1014,0,0,0,0,0,0,0,0,0,0,1,0,0,0,1,0,0,0,1,1
T1016,0,0,0,0,0,0,0,0,1,0,1,1,0,0,0,0,0,0,1,1
T1018,0,0,0,0,0,0,0,0,1,0,1,1,1,1,0,0,0,0,1,1
T1020,0,0,0,0,0,0,0,0,0,0,0,0,1,1,0,0,0,0,0,0
T1021,0,0,0,0,0,0,0,0,0,0,0,0,1,1,0,0,0,0,0,0
T1021.001,0,0,1,0,0,0,0,0,0,0,0,0,1,1,0,0,0,0,0,0
T1021.004,0,0,1,0,0,0,0,0,0,0,0,0,1,1,0,0,0,0,0,0
T1027.001,0,0,0,0,0,0,0,0,0,0,1,1,0,0,0,0,0,0,1,1
T1027.002,0,0,0,0,0,0,0,0,0,0,1,1,0,0,0,0,0,0,1,1
T1027.004,0,0,0,0,0,0,0,0,0,0,1,1,0,0,0,0,0,0,1,1
T1029,0,0,0,0,0,0,0,0,0,0,0,0,1,1,0,0,0,0,0,0
T1030,0,0,0,0,0,0,0,0,0,0,0,0,1,1,0,0,0,0,0,0
T1033,0,0,0,0,0,0,0,0,1,1,1,1,1,1,0,0,0,0,1,1
T1036.001,0,0,0,0,0,0,0,0,0,0,1,1,0,0,0,0,0,0,1,1
T1036.003,0,0,0,0,0,0,0,0,0,0,1,1,0,0,0,0,0,0,1,1
T1036.005,0,0,0,0,0,0,0,0,0,0,1,0,0,0,0,0,0,0,1,1
T1036.006,0,0,0,0,0,0,0,0,0,0,1,0,0,0,0,0,0,0,1,1
T1037.001,0,0,0,0,0,0,0,0,0,0,1,1,0,0,0,0,0,0,1,1
T1037.002,0,0,0,0,0,0,0,0,0,0,1,1,0,0,0,0,0,0,1,1
T1037.003,0,0,0,0,0,0,0,0,0,0,1,1,0,0,0,0,0,0,1,1
T1037.004,0,0,0,0,0,0,0,0,0,0,1,1,0,0,0,0,0,0,1,1
T1041,0,0,0,0,0,0,0,0,0,0,1,0,1,1,0,0,0,0,1,1
T1047,0,0,0,0,0,0,0,0,1,0,0,1,1,1,0,0,0,0,0,1
T1048,0,0,0,0,0,0,0,0,0,0,0,0,1,1,0,0,0,0,0,0
T1048.001,0,0,0,0,0,0,1,0,0,0,0,0,1,1,0,0,0,1,0,0
T1048.002,0,0,0,0,0,0,1,0,0,0,1,0,1,1,0,0,0,1,1,1
T1048.003,0,0,0,0,0,0,1,0,0,0,0,0,1,1,0,0,0,1,0,0
T1053,0,0,0,0,0,0,0,0,1,1,0,1,0,0,0,0,0,0,0,0
T1053.004,0,0,0,0,0,0,0,0,0,0,1,0,0,0,0,0,0,0,1,1
T1053.005,0,0,0,0,0,0,0,0,1,1,0,0,0,0,0,0,0,0,0,0
T1055.001,0,0,0,0,0,0,0,0,0,0,1,0,0,0,0,0,0,0,1,1
T1055.002,0,0,0,0,0,0,0,0,0,0,1,0,0,0,0,0,0,0,1,1
T1055.003,0,0,0,0,0,0,0,0,0,0,1,1,0,0,0,0,0,0,1,1
T1055.004,0,0,0,0,0,0,0,0,1,0,0,1,0,0,0,0,0,0,0,0
T1055.009,0,0,0,0,0,0,0,0,0,0,1,0,0,0,0,0,0,0,1,1
T1055.012,0,0,0,0,0,0,0,0,0,0,0,1,0,0,0,0,0,0,0,0
T1055.013,0,0,0,0,0,0,0,0,1,0,0,1,0,0,0,0,0,0,0,0
T1055.014,0,0,0,0,0,0,0,0,0,0,1,0,0,0,0,0,0,0,1,1
T1056.003,0,0,0,0,0,0,0,0,0,0,0,0,0,0,1,0,0,0,1,0
T1056.004,0,0,0,0,0,0,0,0,0,0,0,1,0,0,0,0,0,0,0,0
T1057,0,0,0,0,0,0,0,0,1,0,0,1,0,0,0,0,0,0,0,0
T1059,0,0,0,0,0,0,0,0,0,0,1,1,0,0,0,0,0,0,1,1
T1068,0,0,0,0,0,0,0,0,0,0,0,1,0,0,0,0,0,0,0,0
T1070.002,0,0,0,0,0,0,0,0,0,0,1,0,0,0,0,0,0,0,1,1
T1070.004,0,0,0,0,0,0,0,0,0,0,1,0,0,0,0,0,0,0,1,1
T1071,0,0,0,0,0,0,1,0,0,0,1,0,1,1,0,0,0,1,1,1
T1071.001,0,0,0,0,0,0,1,0,0,0,1,0,1,1,0,0,0,1,1,1
T1071.002,0,0,0,0,0,0,1,0,0,0,0,0,1,1,0,0,0,1,0,0
T1071.003,0,0,0,0,0,0,1,0,0,0,0,0,1,1,0,0,0,1,0,0
T1071.004,0,0,0,0,1,0,1,0,0,0,0,0,1,1,0,0,0,1,0,0
T1072,0,0,0,0,0,0,0,0,0,0,1,0,0,0,1,0,0,0,1,1
T1074.001,0,0,0,0,0,0,0,0,0,0,1,0,0,0,0,0,0,0,1,1
T1078,0,0,0,1,0,0,0,0,0,0,0,0,0,0,0,0,0,0,1,0
T1078.001,0,0,0,1,0,0,0,0,0,0,0,0,0,0,0,0,0,0,1,0
T1078.002,0,0,0,1,0,0,0,0,0,0,0,0,0,0,0,0,0,0,1,0
T1078.003,0,0,0,1,0,0,0,0,0,0,0,0,0,0,0,0,0,0,1,0
T1078.004,0,0,0,1,0,0,0,0,0,0,0,0,0,0,0,0,0,0,1,0
T1082,0,0,0,0,0,0,0,0,1,0,0,1,0,0,0,0,0,0,0,0
T1083,0,0,0,0,0,0,0,0,0,0,1,0,0,0,0,0,0,0,1,1
T1087.001,0,0,0,1,0,0,0,0,0,0,0,0,0,0,0,0,0,0,1,0
T1087.002,0,0,0,1,0,0,0,0,0,0,0,0,0,0,0,0,0,0,1,0
T1087.004,0,0,0,1,0,0,0,0,0,0,0,0,0,0,0,0,0,0,1,0
T1090.001,0,0,0,0,0,0,0,0,0,0,0,0,1,1,0,0,0,0,0,0
T1090.002,0,0,0,0,0,0,1,0,0,0,0,0,1,1,0,0,0,1,0,0
T1090.003,0,0,0,0,0,0,1,0,0,0,0,0,1,1,0,0,0,1,0,0
T1090.004,0,0,0,0,0,0,1,0,0,0,0,0,1,1,0,0,0,1,0,0
T1095,0,0,0,0,0,0,1,0,0,0,0,0,1,1,0,0,0,1,0,0
T1098,0,0,0,1,0,0,0,0,0,0,0,0,0,0,0,0,0,0,1,0
T1098.001,1,1,1,0,0,0,0,0,0,0,0,0,1,1,0,1,0,0,0,1
T1098.002,0,0,0,1,0,0,0,0,0,0,0,0,0,0,0,0,0,0,1,0
T1098.003,0,0,0,1,0,0,0,0,0,0,0,0,0,0,0,0,0,0,1,0
T1102,0,0,0,0,0,0,1,0,0,0,0,0,1,1,0,0,0,1,0,0
T1104,0,0,0,0,0,0,1,0,0,0,0,0,1,1,0,0,0,1,0,0
T1105,0,0,0,0,0,0,1,0,0,0,0,0,1,1,0,0,0,1,0,0
T1110.001,1,1,1,0,0,0,0,0,0,0,0,0,0,0,0,1,0,0,0,0
T1110.002,1,1,1,0,0,0,0,0,0,0,0,0,0,0,0,1,0,0,0,0
T1110.003,1,1,1,0,0,0,0,0,0,0,0,0,1,1,0,1,0,0,0,1
T1110.004,0,0,0,0,0,0,0,0,0,0,0,0,1,1,0,0,0,0,0,1
T1114.001,0,0,0,0,0,0,0,0,0,0,1,0,0,0,0,0,0,0,1,1
T1114.002,0,0,0,0,0,0,0,0,0,0,0,0,0,0,0,0,0,0,1,0
T1114.003,0,0,0,0,0,0,0,0,0,0,0,0,0,0,0,1,1,0,0,0
T1119,0,0,0,0,0,0,0,0,0,0,1,0,0,0,0,0,0,0,1,1
T1124,0,0,0,0,0,0,0,0,1,0,0,1,0,0,0,0,0,0,0,0
T1127.001,0,0,0,0,0,0,0,0,0,0,1,0,0,0,1,0,0,0,1,1
T1132,0,0,0,0,0,0,1,0,0,0,0,0,1,1,0,0,0,1,0,0
T1133,0,0,1,0,0,0,0,0,0,0,0,0,0,0,0,0,0,0,0,0
T1134.001,1,1,1,0,0,0,0,0,0,0,0,0,0,0,0,1,0,0,0,0
T1134.002,1,1,1,0,0,0,0,0,0,0,0,0,0,0,0,1,0,0,0,0
T1134.003,1,1,1,0,0,0,0,0,0,0,0,0,0,0,0,1,0,0,0,0
T1134.004,0,0,0,0,0,0,0,0,1,0,0,1,0,0,0,0,0,0,0,0
T1136,0,0,0,1,0,0,0,0,0,0,0,0,0,0,0,0,0,0,1,0
T1136.001,0,0,0,1,0,0,0,0,0,0,0,0,0,0,0,0,0,0,1,0
T1136.002,0,0,0,1,0,0,0,0,0,0,0,0,0,0,0,0,0,0,1,0
T1136.003,0,0,0,1,0,0,0,0,0,0,0,0,0,0,0,0,0,0,1,0
T1137.001,0,0,0,0,0,0,0,0,0,0,1,1,0,0,0,0,0,0,1,1
T1137.002,0,0,0,0,0,0,0,0,0,0,1,0,0,0,0,0,0,0,0,0
T1137.003,0,0,0,0,0,0,0,0,0,0,1,0,0,0,0,0,0,0,1,1
T1137.006,0,0,0,0,0,0,0,0,0,0,0,0,0,0,1,0,0,0,1,0
T1140,0,0,0,0,0,0,0,0,1,0,1,1,0,0,0,0,0,0,1,1
T1142,1,1,1,0,0,0,0,0,0,0,0,0,0,0,0,1,0,0,0,0
T1176,0,0,0,0,0,0,0,0,0,0,0,0,0,0,1,0,0,0,1,0
T1185,0,0,0,0,0,0,0,0,0,0,0,0,1,1,0,0,0,0,0,0
T1187,0,0,0,0,0,0,0,0,0,0,1,0,0,0,0,0,0,0,1,1
T1189,0,0,0,0,0,0,0,0,0,0,0,1,1,1,0,0,0,0,0,0
T1190,0,0,0,0,1,0,1,0,0,0,0,1,1,1,0,0,0,0,0,0
T1195.001,0,0,0,0,0,0,0,0,0,0,0,0,0,0,1,0,0,0,1,0
T1195.002,0,0,0,0,0,0,0,0,0,0,0,0,0,0,1,0,0,0,1,0
T1197,0,0,0,0,0,0,1,0,0,0,0,0,1,1,0,0,0,1,0,0
T1199,0,0,1,0,0,0,0,0,0,0,0,0,1,1,0,0,0,0,0,0
T1203,0,0,0,0,0,0,0,0,0,0,0,1,0,0,0,0,0,0,0,0
T1204.001,0,0,0,0,0,0,1,0,0,0,0,0,1,1,0,0,0,1,0,0
T1204.002,0,0,0,0,0,0,0,0,0,0,1,1,0,0,0,0,0,0,1,1
T1205,0,0,0,0,0,0,0,0,0,0,0,0,1,1,0,0,0,0,0,0
T1205.001,0,0,0,0,0,0,0,0,0,0,0,0,1,1,0,0,0,0,0,0
T1207,0,0,0,0,0,0,0,0,0,0,0,0,1,1,0,0,0,0,0,1
T1210,0,0,0,0,0,0,0,0,0,0,0,1,1,1,0,0,0,0,0,0
T1211,0,0,0,0,0,0,0,0,0,0,0,1,0,0,0,0,0,0,0,0
T1212,0,0,0,0,0,0,0,0,1,1,0,1,1,1,1,0,0,0,1,0
T1218.001,0,0,0,0,0,0,0,0,1,0,0,1,0,0,0,0,0,0,0,0
T1218.002,0,0,0,0,0,0,0,0,1,0,1,1,0,0,0,0,0,0,0,0
T1218.003,0,0,0,0,0,0,0,0,1,0,0,1,1,1,0,0,0,0,0,0
T1218.005,0,0,0,0,0,0,0,0,1,0,1,1,0,0,0,0,0,0,1,1
T1218.011,0,0,0,0,0,0,0,0,1,0,1,1,0,0,0,0,0,0,1,1
T1218.013,0,0,0,0,0,0,0,0,0,0,0,1,0,0,0,0,0,0,0,0
T1218.014,0,0,0,0,0,0,0,0,0,0,0,0,0,0,1,0,0,0,1,0
T1219,0,0,0,0,0,0,1,0,0,0,0,0,1,1,0,0,0,1,0,0
T1220,0,0,0,0,0,0,0,0,1,0,1,1,0,0,0,0,0,0,1,1
T1486,0,0,0,0,0,0,0,0,0,0,1,0,0,0,0,0,0,0,1,1
T1489,0,0,0,0,0,0,0,0,0,0,0,0,0,0,1,0,0,0,1,0
T1490,0,0,0,0,0,0,0,0,0,0,0,0,0,0,1,0,0,0,1,0
T1497.003,0,0,0,0,0,0,0,0,0,0,0,0,0,0,1,0,0,0,1,0
T1498.001,0,0,0,0,1,0,1,0,0,0,0,0,1,1,0,0,0,0,0,0
T1498.002,0,0,0,0,1,0,1,0,0,0,0,0,1,1,0,0,0,0,0,0
T1499.002,0,0,0,0,1,0,1,0,0,0,0,0,1,1,0,0,0,0,0,0
T1505.001,0,0,0,0,0,0,0,0,1,0,0,1,0,0,1,0,0,0,1,0
T1505.002,0,0,0,0,0,0,0,0,1,1,0,0,1,1,0,0,0,0,1,0
T1505.003,0,0,0,0,0,0,0,0,1,1,1,1,0,0,0,0,0,0,1,1
T1505.004,0,0,0,0,0,0,0,0,0,0,0,0,0,0,1,0,0,0,1,0
T1518.001,0,0,0,0,0,0,0,0,0,0,1,0,0,0,0,0,0,0,0,0
T1528,1,1,1,0,0,0,0,0,0,0,0,0,0,0,0,1,0,0,0,0
T1531,0,0,0,1,0,0,0,0,0,0,0,0,0,0,0,0,0,0,1,0
T1534,0,0,0,0,0,0,0,0,0,0,1,0,0,0,0,0,0,0,1,1
T1539,1,1,1,0,0,0,0,0,0,0,0,0,0,0,0,1,0,0,0,0
T1542.001,0,0,0,0,0,0,0,0,0,0,0,0,0,0,1,0,0,0,1,0
T1542.002,0,0,0,0,0,0,0,0,0,0,0,0,0,0,1,0,0,0,1,0
T1542.003,0,0,0,0,0,0,0,0,0,0,0,0,0,0,1,0,0,0,1,0
T1542.004,0,0,0,0,0,0,0,0,0,0,0,0,0,0,1,0,0,0,1,0
T1542.005,0,0,0,0,0,0,0,0,0,0,0,0,1,1,0,0,0,0,0,0
T1543.001,0,0,0,0,0,0,0,0,0,0,1,0,0,0,0,0,0,0,1,1
T1543.002,0,0,0,0,0,0,0,0,0,0,1,0,0,0,0,0,0,0,1,1
T1543.004,0,0,0,0,0,0,0,0,0,0,1,0,0,0,0,0,0,0,1,1
T1546.001,0,0,0,0,0,0,0,0,0,0,1,0,0,0,0,0,0,0,0,0
T1546.002,0,0,0,0,0,0,0,0,0,0,1,1,0,0,0,0,0,0,1,1
T1546.003,0,0,0,0,0,0,0,0,0,0,0,0,1,1,0,0,0,0,0,1
T1546.004,0,0,0,0,0,0,0,0,0,0,1,0,0,0,0,0,0,0,1,1
T1546.005,0,0,0,0,0,0,0,0,0,0,1,1,0,0,0,0,0,0,1,1
T1546.006,0,0,0,0,0,0,0,0,0,0,1,1,0,0,0,0,0,0,1,1
T1546.007,0,0,0,0,0,0,0,0,1,1,1,0,0,0,0,0,0,0,0,0
T1546.008,0,0,0,0,0,0,0,0,0,0,1,1,1,1,0,0,0,0,1,1
T1546.009,0,0,0,0,0,0,0,0,1,0,1,1,0,0,0,0,0,0,1,1
T1546.010,0,0,0,0,0,0,0,0,1,0,1,1,0,0,0,0,0,0,1,1
T1546.011,0,0,0,0,0,0,0,0,0,0,0,0,0,0,1,0,0,0,1,0
T1546.013,0,0,0,0,0,0,0,0,0,0,1,1,0,0,0,0,0,0,1,1
T1546.014,0,0,0,0,0,0,0,0,0,0,1,0,0,0,0,0,0,0,1,1
T1546.015,0,0,0,0,0,0,0,0,0,0,1,1,0,0,0,0,0,0,1,1
T1547.001,0,0,0,0,0,0,0,0,0,0,1,1,0,0,0,0,0,0,1,1
T1547.002,0,0,0,0,0,0,0,0,0,0,1,0,0,0,0,0,0,0,0,0
T1547.003,0,0,0,0,0,0,0,0,0,0,1,0,0,0,0,0,0,0,0,0
T1547.004,0,0,0,0,0,0,0,0,0,0,1,0,0,0,0,0,0,0,0,0
T1547.005,0,0,0,0,0,0,0,0,0,0,1,0,0,0,0,0,0,0,0,0
T1547.006,0,0,0,0,0,0,0,0,0,0,1,0,0,0,0,0,0,0,1,1
T1547.007,0,0,0,0,0,0,0,0,0,0,1,0,0,0,0,0,0,0,1,1
T1547.008,0,0,0,0,0,0,0,0,0,0,1,0,0,0,1,0,0,0,1,1
T1547.009,0,0,0,0,0,0,0,0,0,0,1,1,0,0,0,0,0,0,1,1
T1547.010,0,0,0,0,0,0,0,0,0,0,1,0,0,0,0,0,0,0,0,0
T1547.011,0,0,0,0,0,0,0,0,0,0,1,0,0,0,0,0,0,0,1,1
T1548.002,0,0,0,0,0,0,0,0,1,0,1,1,0,0,0,0,0,0,1,1
T1548.003,0,0,0,0,0,0,0,0,0,0,1,0,0,0,0,0,0,0,1,1
T1548.005,0,0,0,1,0,0,0,0,0,0,0,0,0,0,0,0,0,0,1,0
T1550,0,0,0,0,0,0,0,0,1,1,0,0,1,1,0,0,0,0,0,0
T1550.001,1,1,1,0,0,0,0,0,0,0,0,0,1,1,0,1,0,0,0,0
T1550.004,1,1,1,0,0,0,0,0,0,0,0,0,1,1,0,1,0,0,0,0
T1552,1,1,1,0,0,0,0,0,0,0,0,0,0,0,0,1,0,0,0,0
T1552.001,0,0,0,0,0,0,0,0,0,0,1,0,0,0,0,0,0,0,1,1
T1552.003,0,0,0,0,0,0,0,0,0,0,1,0,0,0,0,0,0,0,1,1
T1553.003,0,0,0,0,0,0,0,0,0,0,1,0,0,0,0,0,0,0,0,0
T1554,0,0,0,0,0,0,0,0,0,0,0,0,0,0,1,0,0,0,1,0
T1555,0,0,0,0,0,0,0,0,0,0,1,0,0,0,0,0,0,0,1,1
T1555.003,0,0,0,0,0,0,0,0,0,0,1,0,0,0,0,0,0,0,1,1
T1556,0,0,0,0,0,0,0,0,1,1,0,0,1,1,0,0,0,0,0,0
T1556.002,0,0,0,0,0,0,0,0,0,0,1,0,0,0,0,0,0,0,1,1
T1556.003,0,0,0,0,0,0,0,0,0,0,1,0,0,0,0,0,0,0,1,1
T1557,0,0,0,0,0,0,0,0,0,0,0,0,1,1,0,0,0,0,0,0
T1557.001,0,0,0,0,0,0,0,0,0,0,0,0,1,1,0,0,0,0,0,0
T1557.003,0,0,0,0,0,0,0,0,0,0,0,0,1,1,0,0,0,0,0,0
T1558,1,1,1,0,0,0,0,0,0,0,0,0,0,0,0,1,0,0,0,0
T1558.001,1,1,1,0,0,0,0,0,0,0,0,0,0,0,0,1,0,0,0,0
T1558.003,0,0,0,0,0,0,0,0,0,0,0,0,1,1,0,0,0,0,0,0
T1560,0,0,0,0,0,0,0,0,0,0,1,0,0,0,0,0,0,0,1,1
T1560.001,0,0,0,0,0,0,0,0,0,0,1,0,0,0,0,0,0,0,1,1
T1560.002,0,0,0,0,0,0,0,0,0,0,1,0,0,0,0,0,0,0,1,1
T1560.003,0,0,0,0,0,0,0,0,0,0,1,0,0,0,0,0,0,0,1,1
T1562.001,0,0,0,0,0,0,0,0,1,1,0,0,0,0,0,0,0,0,0,0
T1562.002,0,0,0,0,0,0,0,0,0,0,0,0,0,0,0,1,1,0,0,0
T1562.003,0,0,0,0,0,0,0,0,0,0,1,1,0,0,0,1,1,0,1,1
T1562.009,0,0,0,0,0,0,0,0,0,0,1,0,0,0,0,0,0,0,0,0
T1563,0,0,1,0,0,0,0,0,0,0,0,0,1,1,0,0,0,0,0,0
T1563.001,0,0,1,0,0,0,0,0,0,0,0,0,0,0,0,0,0,0,0,0
T1563.002,0,0,1,0,0,0,0,0,0,0,0,0,0,0,0,0,0,0,0,0
T1564.002,0,0,0,0,0,0,0,0,0,0,1,0,0,0,0,0,0,0,1,1
T1564.003,0,0,0,0,0,0,0,0,0,0,1,0,0,0,0,0,0,0,1,1
T1564.006,0,0,0,0,0,0,0,0,0,0,1,0,0,0,1,0,0,0,1,1
T1564.007,0,0,0,0,0,0,0,0,0,0,1,0,0,0,0,0,0,0,1,1
T1564.008,0,0,0,0,0,0,0,0,0,0,0,0,0,0,0,1,1,0,0,0
T1565.001,0,0,0,0,0,0,0,0,0,0,1,0,0,0,0,0,0,0,1,1
T1565.002,0,0,0,0,0,0,0,0,0,0,0,0,1,1,0,0,0,0,0,0
T1565.003,0,0,0,0,0,0,0,0,0,0,1,1,0,0,0,0,0,0,1,1
T1566.001,0,0,0,0,1,0,1,0,0,0,1,0,1,1,0,0,0,0,1,1
T1566.002,0,0,0,0,1,0,1,0,0,0,1,0,1,1,0,0,0,0,1,1
T1566.003,0,0,0,0,0,0,0,0,0,0,1,0,0,0,0,0,0,0,1,1
T1567,0,0,0,0,0,0,1,0,0,0,0,0,1,1,0,0,0,1,0,0
T1567.001,0,0,0,0,0,0,1,0,0,0,0,0,1,1,0,0,0,1,0,0
T1567.002,0,0,0,0,0,0,1,0,0,0,0,0,1,1,0,0,0,1,0,0
T1568,0,0,0,0,1,0,1,0,0,0,0,0,1,1,0,0,0,1,0,0
T1570,0,0,0,0,0,0,0,0,0,0,0,0,1,1,0,0,0,0,0,0
T1571,0,0,0,0,0,0,1,0,0,0,0,0,1,1,0,0,0,1,0,0
T1572,0,0,0,0,0,0,1,0,0,0,0,0,1,1,0,0,0,1,0,0
T1573,0,0,0,0,0,0,1,0,0,0,0,0,1,1,0,0,0,1,0,0
T1573.001,0,0,0,0,0,0,1,0,0,0,0,0,1,1,0,0,0,1,0,0
T1573.002,0,0,0,0,0,0,1,0,0,0,1,0,1,1,0,0,0,1,1,1
T1574.001,0,0,0,0,0,0,0,0,0,0,1,0,0,0,0,0,0,0,1,1
T1574.002,0,0,0,0,0,0,0,0,0,0,1,0,0,0,0,0,0,0,1,1
T1574.004,0,0,0,0,0,0,0,0,0,0,1,0,0,0,0,0,0,0,1,1
T1574.005,0,0,0,0,0,0,0,0,0,0,0,0,0,0,1,0,0,0,1,0
T1574.006,0,0,0,0,0,0,0,0,0,0,1,0,0,0,0,0,0,0,1,1
T1574.007,0,0,0,0,0,0,0,0,0,0,1,1,0,0,0,0,0,0,1,1
T1574.008,0,0,0,0,0,0,0,0,0,0,1,1,0,0,0,0,0,0,1,1
T1574.009,0,0,0,0,0,0,0,0,0,0,1,1,0,0,0,0,0,0,1,1
T1574.010,0,0,0,0,0,0,0,0,0,0,0,0,0,0,1,0,0,0,1,0
T1574.011,0,0,0,0,0,0,0,0,0,0,1,0,0,0,0,0,0,0,0,0
T1574.012,0,0,0,0,0,0,0,0,0,0,1,0,0,0,0,0,0,0,1,1
T1578.002,0,0,0,0,0,0,0,0,0,0,0,0,0,0,0,0,0,0,1,0
T1578.003,0,0,0,0,0,0,0,0,0,0,0,0,0,0,0,0,0,0,1,0
T1578.004,0,0,0,0,0,0,0,0,0,0,0,0,0,0,0,0,0,0,1,0
T1606,1,1,1,0,0,0,0,0,0,0,0,0,0,0,0,1,0,0,0,0
T1606.001,1,1,1,0,0,0,0,0,0,0,0,0,0,0,0,1,0,0,0,0
T1620,0,0,0,0,0,0,0,0,0,0,0,1,0,0,0,0,0,0,0,0
T1621,0,0,0,0,0,0,0,0,1,1,0,0,1,1,0,0,0,0,0,0
T1649,0,0,0,0,0,0,0,0,0,0,1,0,0,0,1,0,0,0,1,1
